<?xml version="1.0" encoding="UTF-8" ?>
<!DOCTYPE log4j:configuration SYSTEM "log4j.dtd">
<log4j:configuration debug="true"
  xmlns:log4j='http://jakarta.apache.org/log4j/'>

	<appender name="console" class="org.apache.log4j.ConsoleAppender">
	    <layout class="org.apache.log4j.PatternLayout">
			<param name="ConversionPattern" 
				value="%5p %C{1}.%M:%L - %m%n" />
	    </layout>
	</appender>

	<!-- <appender name="file" class="org.apache.log4j.RollingFileAppender">
	    <param name="file" value="d:/D_Other/log4jLogFile.log" />
	    <param name="append" value="false" />
	    <param name="DatePattern" value="'.'yyyy-MM-dd" />
	    <layout class="org.apache.log4j.PatternLayout">
			<param name="ConversionPattern" 
				value="%d{yyyy-MM-dd HH:mm:ss} %-5p %c{1}:%L - %m%n" />
	    </layout>
	</appender> -->
	
<!-- 	<logger name="java.sql.Connection"> -->
<!--         <level value="DEBUG"/> -->
<!-- 		<appender-ref ref="console" /> -->
<!--         <appender-ref ref="file" />  -->
<!--     </logger> -->
<!-- 	<logger name="java.sql.ResultSet"> -->
<!--         <level value="DEBUG"/> -->
<!-- 		<appender-ref ref="console" /> -->
<!--         <appender-ref ref="file" />  -->
<!--     </logger> -->
<!-- 	<logger name="java.sql.PreparedStatement"> -->
<!--         <level value="DEBUG"/> -->
<!-- 		<appender-ref ref="console" /> -->
<!--         <appender-ref ref="file" />  -->
<!--     </logger> -->

<!-- 	<logger name="ibatis.member.MemberMain"> -->
<!--         <level value="DEBUG"/> -->
<!--     </logger> -->
    
	<root>
		<level value="DEBUG" />
		<appender-ref ref="console" />
		<!-- <appender-ref ref="file" /> -->
	</root>

</log4j:configuration>
