INSERT INTO "TEAM3_202107M"."JOB_GROUP" (JG_CODE_NO, JG_CODE_NM) VALUES ('1', '개발')			;
INSERT INTO "TEAM3_202107M"."BOARD_CODE" (BOARD_CODE_NO, BOARD_CODE_NM) VALUES ('1', 'Q&A')			;
INSERT INTO "TEAM3_202107M"."BOARD_CODE" (BOARD_CODE_NO, BOARD_CODE_NM) VALUES ('2', '회사생활')			;
INSERT INTO "TEAM3_202107M"."BOARD_CODE" (BOARD_CODE_NO, BOARD_CODE_NM) VALUES ('3', '사는 얘기')			;
INSERT INTO "TEAM3_202107M"."BOARD_CODE" (BOARD_CODE_NO, BOARD_CODE_NM) VALUES ('4', '스터디 모임')			;
INSERT INTO "TEAM3_202107M"."BOARD_CODE" (BOARD_CODE_NO, BOARD_CODE_NM) VALUES ('5', '이직 커리어')			;
INSERT INTO "TEAM3_202107M"."MEMBER_CODE" (MEM_CODE, MEM_CODE_NM) VALUES ('1', '개인회원')			;
INSERT INTO "TEAM3_202107M"."MEMBER_CODE" (MEM_CODE, MEM_CODE_NM) VALUES ('2', '기업회원')			;
INSERT INTO "TEAM3_202107M"."MEMBER_CODE" (MEM_CODE, MEM_CODE_NM) VALUES ('3', '관리자회원')			;
INSERT INTO "TEAM3_202107M"."CERTIFICATION" (CERT_CODE_NO, CERT_CODE_NM) VALUES ('1', '정보처리기사')			;
INSERT INTO "TEAM3_202107M"."CERTIFICATION" (CERT_CODE_NO, CERT_CODE_NM) VALUES ('2', '웹디자인기능사')			;
INSERT INTO "TEAM3_202107M"."CERTIFICATION" (CERT_CODE_NO, CERT_CODE_NM) VALUES ('3', 'SQLD')			;
INSERT INTO "TEAM3_202107M"."CERTIFICATION" (CERT_CODE_NO, CERT_CODE_NM) VALUES ('4', '리눅스마스터 1급')			;
INSERT INTO "TEAM3_202107M"."CERTIFICATION" (CERT_CODE_NO, CERT_CODE_NM) VALUES ('5', '정보기술자격(ITQ)')			;
INSERT INTO "TEAM3_202107M"."EDU_CODE" (EDU_CODE_NO, EDU_CODE_NM) VALUES ('1', '대졸(2,3년)')			;
INSERT INTO "TEAM3_202107M"."EDU_CODE" (EDU_CODE_NO, EDU_CODE_NM) VALUES ('2', '대졸(4년)')			;
INSERT INTO "TEAM3_202107M"."EDU_CODE" (EDU_CODE_NO, EDU_CODE_NM) VALUES ('3', '대학원(석사)')			;
INSERT INTO "TEAM3_202107M"."EDU_CODE" (EDU_CODE_NO, EDU_CODE_NM) VALUES ('4', '대학원(박사)')			;
INSERT INTO "TEAM3_202107M"."EDU_CODE" (EDU_CODE_NO, EDU_CODE_NM) VALUES ('5', '고졸')			;
INSERT INTO "TEAM3_202107M"."EDU_CODE" (EDU_CODE_NO, EDU_CODE_NM) VALUES ('6', '학력무관')			;
INSERT INTO "TEAM3_202107M"."PROD" (PROD_NO, PROD_NM, PROD_PRICE, PROD_PERIOD) VALUES ('1', '인재 1개월 프리미업 플랜', '29900', '30')			;
INSERT INTO "TEAM3_202107M"."PROD" (PROD_NO, PROD_NM, PROD_PRICE, PROD_PERIOD) VALUES ('2', '인재 3개월 프리미업 플랜', '79900', '90')			;
INSERT INTO "TEAM3_202107M"."PROD" (PROD_NO, PROD_NM, PROD_PRICE, PROD_PERIOD) VALUES ('3', '인재 6개월 프리미업 플랜', '99900', '180')			;
INSERT INTO "TEAM3_202107M"."PROD" (PROD_NO, PROD_NM, PROD_PRICE, PROD_PERIOD) VALUES ('4', '기업 1개월 프리미업 플랜', '29900', '30')			;
INSERT INTO "TEAM3_202107M"."PROD" (PROD_NO, PROD_NM, PROD_PRICE, PROD_PERIOD) VALUES ('5', '기업 3개월 프리미업 플랜', '79900', '90')			;
INSERT INTO "TEAM3_202107M"."PROD" (PROD_NO, PROD_NM, PROD_PRICE, PROD_PERIOD) VALUES ('6', '기업 6개월 프리미업 플랜', '99900', '180')			;
INSERT INTO "TEAM3_202107M"."CARD" (CARD_NO, CARD_NM) VALUES ('1', 'BC카드')			;
INSERT INTO "TEAM3_202107M"."CARD" (CARD_NO, CARD_NM) VALUES ('2', 'KB국민카드')			;
INSERT INTO "TEAM3_202107M"."CARD" (CARD_NO, CARD_NM) VALUES ('3', '삼성카드')			;
INSERT INTO "TEAM3_202107M"."CARD" (CARD_NO, CARD_NM) VALUES ('4', '신한카드')			;
INSERT INTO "TEAM3_202107M"."CARD" (CARD_NO, CARD_NM) VALUES ('5', '우리카드')			;
INSERT INTO "TEAM3_202107M"."CARD" (CARD_NO, CARD_NM) VALUES ('6', '하나카드')			;
INSERT INTO "TEAM3_202107M"."CARD" (CARD_NO, CARD_NM) VALUES ('7', '롯데카드')			;
INSERT INTO "TEAM3_202107M"."CARD" (CARD_NO, CARD_NM) VALUES ('8', '현대카드')			;
INSERT INTO "TEAM3_202107M"."CALENDER_TAG" (CAL_TAG, CAL_TAG_NM) VALUES ('1', '생일')			;
INSERT INTO "TEAM3_202107M"."CALENDER_TAG" (CAL_TAG, CAL_TAG_NM) VALUES ('2', '기념일')			;
INSERT INTO "TEAM3_202107M"."CALENDER_TAG" (CAL_TAG, CAL_TAG_NM) VALUES ('3', '약속')			;
INSERT INTO "TEAM3_202107M"."CALENDER_TAG" (CAL_TAG, CAL_TAG_NM) VALUES ('4', '디데이')			;
INSERT INTO "TEAM3_202107M"."JOB_TITLE" (JT_CODE_NO, JT_CODE_NM, JG_CODE_NO) VALUES ('1', '서버 개발자', '1')			;
INSERT INTO "TEAM3_202107M"."JOB_TITLE" (JT_CODE_NO, JT_CODE_NM, JG_CODE_NO) VALUES ('2', '웹 개발자', '1')			;
INSERT INTO "TEAM3_202107M"."JOB_TITLE" (JT_CODE_NO, JT_CODE_NM, JG_CODE_NO) VALUES ('3', '프로트엔드 개발자', '1')			;
INSERT INTO "TEAM3_202107M"."JOB_TITLE" (JT_CODE_NO, JT_CODE_NM, JG_CODE_NO) VALUES ('4', '자바 개발자', '1')			;
INSERT INTO "TEAM3_202107M"."JOB_TITLE" (JT_CODE_NO, JT_CODE_NM, JG_CODE_NO) VALUES ('5', '소프트웨어 엔지니어', '1')			;
INSERT INTO "TEAM3_202107M"."JOB_TITLE" (JT_CODE_NO, JT_CODE_NM, JG_CODE_NO) VALUES ('6', '안드로이드 개발자', '1')			;
INSERT INTO "TEAM3_202107M"."JOB_TITLE" (JT_CODE_NO, JT_CODE_NM, JG_CODE_NO) VALUES ('7', 'IOS 개발자', '1')			;
INSERT INTO "TEAM3_202107M"."JOB_TITLE" (JT_CODE_NO, JT_CODE_NM, JG_CODE_NO) VALUES ('8', '데이터 사이언티스트', '1')			;
INSERT INTO "TEAM3_202107M"."JOB_TITLE" (JT_CODE_NO, JT_CODE_NM, JG_CODE_NO) VALUES ('9', '데이터 엔지니어', '1')			;
INSERT INTO "TEAM3_202107M"."EDU" (EDU_NO, EDU_CODE_NO, EDU_SCH_NM, EDU_MAJOR, EDU_GRA_TOT, EDU_GRA_AVG) VALUES ('1', '1', '대학1', '전공1', '4.3', '4');
INSERT INTO "TEAM3_202107M"."EDU" (EDU_NO, EDU_CODE_NO, EDU_SCH_NM, EDU_MAJOR, EDU_GRA_TOT, EDU_GRA_AVG) VALUES ('2', '2', '대학2', '전공2', '4', '4');
INSERT INTO "TEAM3_202107M"."EDU" (EDU_NO, EDU_CODE_NO, EDU_SCH_NM, EDU_MAJOR, EDU_GRA_TOT, EDU_GRA_AVG) VALUES ('3', '3', '대학3', '전공3', '4.5', '4');
INSERT INTO "TEAM3_202107M"."EDU" (EDU_NO, EDU_CODE_NO, EDU_SCH_NM, EDU_MAJOR, EDU_GRA_TOT, EDU_GRA_AVG) VALUES ('4', '4', '대학4', '전공4', '4.3', '4');
INSERT INTO "TEAM3_202107M"."EDU" (EDU_NO, EDU_CODE_NO, EDU_SCH_NM, EDU_MAJOR, EDU_GRA_TOT, EDU_GRA_AVG) VALUES ('5', '5', '대학5', '전공5', '100', '4');
INSERT INTO "TEAM3_202107M"."EDU" (EDU_NO, EDU_CODE_NO, EDU_SCH_NM, EDU_MAJOR, EDU_GRA_TOT, EDU_GRA_AVG) VALUES ('6', '6', '대학6', '전공6', '4.5', '4');
INSERT INTO "TEAM3_202107M"."MEMBER" (MEM_NO, MEM_NM, MEM_ID, MEM_PW, MEM_EMAIL, MEM_HP, MEM_ACTIVE, MEM_GENDER, MEM_IN_COM, MEM_BIR, MEM_PASS_ORIGL) VALUES ('1', '홍길동1', 'test1', '38a0963a6364b09ad867aa9a66c6d009673c21e182015461da236ec361877f77', 'aaa1@gmail.com', '010-0000-0001', '1', '1', '0', TO_DATE('1990-01-01 00:00:00', 'YYYY-MM-DD HH24:MI:SS'), 'java');
INSERT INTO "TEAM3_202107M"."MEMBER" (MEM_NO, MEM_NM, MEM_ID, MEM_PW, MEM_EMAIL, MEM_HP, MEM_ACTIVE, MEM_GENDER, MEM_IN_COM, MEM_BIR, MEM_PASS_ORIGL) VALUES ('2', '홍길동2', 'test2', '38a0963a6364b09ad867aa9a66c6d009673c21e182015461da236ec361877f77', 'aaa2@gmail.com', '010-0000-0002', '1', '2', '1', TO_DATE('1990-01-02 00:00:00', 'YYYY-MM-DD HH24:MI:SS'), 'java');
INSERT INTO "TEAM3_202107M"."MEMBER" (MEM_NO, MEM_NM, MEM_ID, MEM_PW, MEM_EMAIL, MEM_HP, MEM_ACTIVE, MEM_GENDER, MEM_IN_COM, MEM_BIR, MEM_PASS_ORIGL) VALUES ('3', '홍길동3', 'test3', '38a0963a6364b09ad867aa9a66c6d009673c21e182015461da236ec361877f77', 'aaa3@gmail.com', '010-0000-0003', '1', '1', '2', TO_DATE('1990-01-03 00:00:00', 'YYYY-MM-DD HH24:MI:SS'), 'java');
INSERT INTO "TEAM3_202107M"."MEMBER" (MEM_NO, MEM_NM, MEM_ID, MEM_PW, MEM_EMAIL, MEM_HP, MEM_ACTIVE, MEM_GENDER, MEM_IN_COM, MEM_BIR, MEM_PASS_ORIGL) VALUES ('4', '홍길동4', 'test4', '38a0963a6364b09ad867aa9a66c6d009673c21e182015461da236ec361877f77', 'aaa4@gmail.com', '010-0000-0004', '1', '2', '0', TO_DATE('1990-01-04 00:00:00', 'YYYY-MM-DD HH24:MI:SS'), 'java');
INSERT INTO "TEAM3_202107M"."MEMBER" (MEM_NO, MEM_NM, MEM_ID, MEM_PW, MEM_EMAIL, MEM_HP, MEM_ACTIVE, MEM_GENDER, MEM_IN_COM, MEM_BIR, MEM_PASS_ORIGL) VALUES ('5', '홍길동5', 'test5', '38a0963a6364b09ad867aa9a66c6d009673c21e182015461da236ec361877f77', 'aaa5@gmail.com', '010-0000-0005', '1', '1', '1', TO_DATE('1990-01-05 00:00:00', 'YYYY-MM-DD HH24:MI:SS'), 'java');
INSERT INTO "TEAM3_202107M"."MEMBER" (MEM_NO, MEM_NM, MEM_ID, MEM_PW, MEM_EMAIL, MEM_HP, MEM_ACTIVE, MEM_GENDER, MEM_IN_COM, MEM_BIR, MEM_PASS_ORIGL) VALUES ('6', '홍길동6', 'test6', '38a0963a6364b09ad867aa9a66c6d009673c21e182015461da236ec361877f77', 'aaa6@gmail.com', '010-0000-0006', '1', '2', '2', TO_DATE('1990-01-06 00:00:00', 'YYYY-MM-DD HH24:MI:SS'), 'java');
INSERT INTO "TEAM3_202107M"."MEMBER" (MEM_NO, MEM_NM, MEM_ID, MEM_PW, MEM_EMAIL, MEM_HP, MEM_ACTIVE, MEM_GENDER, MEM_IN_COM, MEM_BIR, MEM_PASS_ORIGL) VALUES ('7', '홍길동7', 'test7', '38a0963a6364b09ad867aa9a66c6d009673c21e182015461da236ec361877f77', 'aaa7@gmail.com', '010-0000-0007', '1', '1', '0', TO_DATE('1990-01-07 00:00:00', 'YYYY-MM-DD HH24:MI:SS'), 'java');
INSERT INTO "TEAM3_202107M"."MEMBER" (MEM_NO, MEM_NM, MEM_ID, MEM_PW, MEM_EMAIL, MEM_HP, MEM_ACTIVE, MEM_GENDER, MEM_IN_COM, MEM_BIR, MEM_PASS_ORIGL) VALUES ('8', '홍길동8', 'test8', '38a0963a6364b09ad867aa9a66c6d009673c21e182015461da236ec361877f77', 'aaa8@gmail.com', '010-0000-0008', '1', '2', '1', TO_DATE('1990-01-08 00:00:00', 'YYYY-MM-DD HH24:MI:SS'), 'java');
INSERT INTO "TEAM3_202107M"."MEMBER" (MEM_NO, MEM_NM, MEM_ID, MEM_PW, MEM_EMAIL, MEM_HP, MEM_ACTIVE, MEM_GENDER, MEM_IN_COM, MEM_BIR, MEM_PASS_ORIGL) VALUES ('9', '홍길동9', 'test9', '38a0963a6364b09ad867aa9a66c6d009673c21e182015461da236ec361877f77', 'aaa9@gmail.com', '010-0000-0009', '1', '1', '2', TO_DATE('1990-01-09 00:00:00', 'YYYY-MM-DD HH24:MI:SS'), 'java');
INSERT INTO "TEAM3_202107M"."MEMBER" (MEM_NO, MEM_NM, MEM_ID, MEM_PW, MEM_EMAIL, MEM_HP, MEM_ACTIVE, MEM_GENDER, MEM_IN_COM, MEM_BIR, MEM_PASS_ORIGL) VALUES ('10', '홍길동10', 'test10', '38a0963a6364b09ad867aa9a66c6d009673c21e182015461da236ec361877f77', 'aaa10@gmail.com', '010-0000-0010', '1', '2', '0', TO_DATE('1990-01-10 00:00:00', 'YYYY-MM-DD HH24:MI:SS'), 'java');
INSERT INTO "TEAM3_202107M"."MEMBER" (MEM_NO, MEM_NM, MEM_ID, MEM_PW, MEM_EMAIL, MEM_HP, MEM_ACTIVE, MEM_GENDER, MEM_IN_COM, MEM_BIR, MEM_PASS_ORIGL) VALUES ('11', '홍길동11', 'test11', '38a0963a6364b09ad867aa9a66c6d009673c21e182015461da236ec361877f77', 'aaa11@gmail.com', '010-0000-0011', '1', '1', '1', TO_DATE('1990-01-11 00:00:00', 'YYYY-MM-DD HH24:MI:SS'), 'java');
INSERT INTO "TEAM3_202107M"."MEMBER" (MEM_NO, MEM_NM, MEM_ID, MEM_PW, MEM_EMAIL, MEM_HP, MEM_ACTIVE, MEM_GENDER, MEM_IN_COM, MEM_BIR, MEM_PASS_ORIGL) VALUES ('12', '홍길동12', 'test12', '38a0963a6364b09ad867aa9a66c6d009673c21e182015461da236ec361877f77', 'aaa12@gmail.com', '010-0000-0012', '1', '2', '2', TO_DATE('1990-01-12 00:00:00', 'YYYY-MM-DD HH24:MI:SS'), 'java');
INSERT INTO "TEAM3_202107M"."MEMBER" (MEM_NO, MEM_NM, MEM_ID, MEM_PW, MEM_EMAIL, MEM_HP, MEM_ACTIVE, MEM_GENDER, MEM_IN_COM, MEM_BIR, MEM_PASS_ORIGL) VALUES ('13', '홍길동13', 'test13', '38a0963a6364b09ad867aa9a66c6d009673c21e182015461da236ec361877f77', 'aaa13@gmail.com', '010-0000-0013', '1', '1', '0', TO_DATE('1990-01-13 00:00:00', 'YYYY-MM-DD HH24:MI:SS'), 'java');
INSERT INTO "TEAM3_202107M"."MEMBER" (MEM_NO, MEM_NM, MEM_ID, MEM_PW, MEM_EMAIL, MEM_HP, MEM_ACTIVE, MEM_GENDER, MEM_IN_COM, MEM_BIR, MEM_PASS_ORIGL) VALUES ('14', '홍길동14', 'test14', '38a0963a6364b09ad867aa9a66c6d009673c21e182015461da236ec361877f77', 'aaa14@gmail.com', '010-0000-0014', '1', '2', '1', TO_DATE('1990-01-14 00:00:00', 'YYYY-MM-DD HH24:MI:SS'), 'java');
INSERT INTO "TEAM3_202107M"."MEMBER" (MEM_NO, MEM_NM, MEM_ID, MEM_PW, MEM_EMAIL, MEM_HP, MEM_ACTIVE, MEM_GENDER, MEM_IN_COM, MEM_BIR, MEM_PASS_ORIGL) VALUES ('15', '홍길동15', 'test15', '38a0963a6364b09ad867aa9a66c6d009673c21e182015461da236ec361877f77', 'aaa15@gmail.com', '010-0000-0015', '1', '1', '2', TO_DATE('1990-01-15 00:00:00', 'YYYY-MM-DD HH24:MI:SS'), 'java');


INSERT INTO "TEAM3_202107M"."PROG_LANG" (PL_CODE_NO, PL_CODE_NM) VALUES ('1', 'C/C++');
INSERT INTO "TEAM3_202107M"."PROG_LANG" (PL_CODE_NO, PL_CODE_NM) VALUES ('2', 'Python');
INSERT INTO "TEAM3_202107M"."PROG_LANG" (PL_CODE_NO, PL_CODE_NM) VALUES ('3', 'Java');
INSERT INTO "TEAM3_202107M"."PROG_LANG" (PL_CODE_NO, PL_CODE_NM) VALUES ('4', 'C#');
INSERT INTO "TEAM3_202107M"."PROG_LANG" (PL_CODE_NO, PL_CODE_NM) VALUES ('5', 'Visual Basic');
INSERT INTO "TEAM3_202107M"."PROG_LANG" (PL_CODE_NO, PL_CODE_NM) VALUES ('6', 'JavaScript');
INSERT INTO "TEAM3_202107M"."PROG_LANG" (PL_CODE_NO, PL_CODE_NM) VALUES ('7', 'PHP');
INSERT INTO "TEAM3_202107M"."PROG_LANG" (PL_CODE_NO, PL_CODE_NM) VALUES ('8', 'Assembly language');
INSERT INTO "TEAM3_202107M"."PROG_LANG" (PL_CODE_NO, PL_CODE_NM) VALUES ('9', 'SQL');
INSERT INTO "TEAM3_202107M"."PROG_LANG" (PL_CODE_NO, PL_CODE_NM) VALUES ('10', 'R');
INSERT INTO "TEAM3_202107M"."PROG_LANG" (PL_CODE_NO, PL_CODE_NM) VALUES ('11', 'Ruby');
INSERT INTO "TEAM3_202107M"."PROG_LANG" (PL_CODE_NO, PL_CODE_NM) VALUES ('12', 'Go');
INSERT INTO "TEAM3_202107M"."PROG_LANG" (PL_CODE_NO, PL_CODE_NM) VALUES ('13', 'Perl');

INSERT INTO "TEAM3_202107M"."JOB_OPENING" (JO_NO, JO_TITLE, COM_NO, JO_SDATE, JO_EDATE, JG_CODE_NO, JT_CODE_NO, JO_SAL, PL_CODE_NO) VALUES ('1', '채용공고1', '1', '20210407', '20210618', '1', '3', '1600', '12');
INSERT INTO "TEAM3_202107M"."JOB_OPENING" (JO_NO, JO_TITLE, COM_NO, JO_SDATE, JO_EDATE, JG_CODE_NO, JT_CODE_NO, JO_SAL, PL_CODE_NO) VALUES ('2', '채용공고2', '1', '20210401', '20210503', '1', '8', '6000', '10');
INSERT INTO "TEAM3_202107M"."JOB_OPENING" (JO_NO, JO_TITLE, COM_NO, JO_SDATE, JO_EDATE, JG_CODE_NO, JT_CODE_NO, JO_SAL, PL_CODE_NO) VALUES ('3', '채용공고3', '1', '20210405', '20211206', '1', '1', '0', '9');
INSERT INTO "TEAM3_202107M"."JOB_OPENING" (JO_NO, JO_TITLE, COM_NO, JO_SDATE, JO_EDATE, JG_CODE_NO, JT_CODE_NO, JO_SAL, PL_CODE_NO) VALUES ('4', '채용공고4', '1', '20210222', '20211228', '1', '7', '3600', '7');
INSERT INTO "TEAM3_202107M"."JOB_OPENING" (JO_NO, JO_TITLE, COM_NO, JO_SDATE, JO_EDATE, JG_CODE_NO, JT_CODE_NO, JO_SAL, PL_CODE_NO) VALUES ('5', '채용공고5', '1', '20210604', '20211009', '1', '7', '0', '4');
INSERT INTO "TEAM3_202107M"."JOB_OPENING" (JO_NO, JO_TITLE, COM_NO, JO_SDATE, JO_EDATE, JG_CODE_NO, JT_CODE_NO, JO_SAL, PL_CODE_NO) VALUES ('6', '채용공고6', '1', '20210304', '20210322', '1', '4', '4000', '8');
INSERT INTO "TEAM3_202107M"."JOB_OPENING" (JO_NO, JO_TITLE, COM_NO, JO_SDATE, JO_EDATE, JG_CODE_NO, JT_CODE_NO, JO_SAL, PL_CODE_NO) VALUES ('7', '채용공고7', '1', '20210317', '20210615', '1', '2', '3600', '5');
INSERT INTO "TEAM3_202107M"."JOB_OPENING" (JO_NO, JO_TITLE, COM_NO, JO_SDATE, JO_EDATE, JG_CODE_NO, JT_CODE_NO, JO_SAL, PL_CODE_NO) VALUES ('8', '채용공고8', '1', '20210221', '20210621', '1', '7', '1200', '8');
INSERT INTO "TEAM3_202107M"."JOB_OPENING" (JO_NO, JO_TITLE, COM_NO, JO_SDATE, JO_EDATE, JG_CODE_NO, JT_CODE_NO, JO_SAL, PL_CODE_NO) VALUES ('9', '채용공고9', '1', '20210720', '20210722', '1', '2', '2800', '10');
INSERT INTO "TEAM3_202107M"."JOB_OPENING" (JO_NO, JO_TITLE, COM_NO, JO_SDATE, JO_EDATE, JG_CODE_NO, JT_CODE_NO, JO_SAL, PL_CODE_NO) VALUES ('10', '채용공고10', '1', '20210325', '20210418', '1', '9', '2800', '9');
INSERT INTO "TEAM3_202107M"."JOB_OPENING" (JO_NO, JO_TITLE, COM_NO, JO_SDATE, JO_EDATE, JG_CODE_NO, JT_CODE_NO, JO_SAL, PL_CODE_NO) VALUES ('11', '채용공고11', '1', '20210319', '20210620', '1', '3', '3600', '6');
INSERT INTO "TEAM3_202107M"."JOB_OPENING" (JO_NO, JO_TITLE, COM_NO, JO_SDATE, JO_EDATE, JG_CODE_NO, JT_CODE_NO, JO_SAL, PL_CODE_NO) VALUES ('12', '채용공고12', '1', '20210211', '20210620', '1', '9', '6000', '5');
INSERT INTO "TEAM3_202107M"."JOB_OPENING" (JO_NO, JO_TITLE, COM_NO, JO_SDATE, JO_EDATE, JG_CODE_NO, JT_CODE_NO, JO_SAL, PL_CODE_NO) VALUES ('13', '채용공고13', '1', '20210417', '20210613', '1', '3', '0', '13');
INSERT INTO "TEAM3_202107M"."JOB_OPENING" (JO_NO, JO_TITLE, COM_NO, JO_SDATE, JO_EDATE, JG_CODE_NO, JT_CODE_NO, JO_SAL, PL_CODE_NO) VALUES ('14', '채용공고14', '1', '20210301', '20211009', '1', '8', '2800', '3');
INSERT INTO "TEAM3_202107M"."JOB_OPENING" (JO_NO, JO_TITLE, COM_NO, JO_SDATE, JO_EDATE, JG_CODE_NO, JT_CODE_NO, JO_SAL, PL_CODE_NO) VALUES ('15', '채용공고15', '1', '20210217', '20210318', '1', '2', '3600', '9');
INSERT INTO "TEAM3_202107M"."JOB_OPENING" (JO_NO, JO_TITLE, COM_NO, JO_SDATE, JO_EDATE, JG_CODE_NO, JT_CODE_NO, JO_SAL, PL_CODE_NO) VALUES ('16', '채용공고16', '2', '20210812', '20211103', '1', '9', '4800', '11');
INSERT INTO "TEAM3_202107M"."JOB_OPENING" (JO_NO, JO_TITLE, COM_NO, JO_SDATE, JO_EDATE, JG_CODE_NO, JT_CODE_NO, JO_SAL, PL_CODE_NO) VALUES ('17', '채용공고17', '2', '20210324', '20210426', '1', '8', '4400', '11');
INSERT INTO "TEAM3_202107M"."JOB_OPENING" (JO_NO, JO_TITLE, COM_NO, JO_SDATE, JO_EDATE, JG_CODE_NO, JT_CODE_NO, JO_SAL, PL_CODE_NO) VALUES ('18', '채용공고18', '2', '20210420', '20211115', '1', '4', '6000', '9');
INSERT INTO "TEAM3_202107M"."JOB_OPENING" (JO_NO, JO_TITLE, COM_NO, JO_SDATE, JO_EDATE, JG_CODE_NO, JT_CODE_NO, JO_SAL, PL_CODE_NO) VALUES ('19', '채용공고19', '2', '20210515', '20210717', '1', '9', '4000', '3');
INSERT INTO "TEAM3_202107M"."JOB_OPENING" (JO_NO, JO_TITLE, COM_NO, JO_SDATE, JO_EDATE, JG_CODE_NO, JT_CODE_NO, JO_SAL, PL_CODE_NO) VALUES ('20', '채용공고20', '2', '20210812', '20211111', '1', '7', '800', '13');
INSERT INTO "TEAM3_202107M"."JOB_OPENING" (JO_NO, JO_TITLE, COM_NO, JO_SDATE, JO_EDATE, JG_CODE_NO, JT_CODE_NO, JO_SAL, PL_CODE_NO) VALUES ('21', '채용공고21', '2', '20210311', '20210723', '1', '7', '3600', '7');
INSERT INTO "TEAM3_202107M"."JOB_OPENING" (JO_NO, JO_TITLE, COM_NO, JO_SDATE, JO_EDATE, JG_CODE_NO, JT_CODE_NO, JO_SAL, PL_CODE_NO) VALUES ('22', '채용공고22', '2', '20210114', '20210803', '1', '8', '1200', '8');
INSERT INTO "TEAM3_202107M"."JOB_OPENING" (JO_NO, JO_TITLE, COM_NO, JO_SDATE, JO_EDATE, JG_CODE_NO, JT_CODE_NO, JO_SAL, PL_CODE_NO) VALUES ('23', '채용공고23', '2', '20210326', '20210922', '1', '2', '800', '1');
INSERT INTO "TEAM3_202107M"."JOB_OPENING" (JO_NO, JO_TITLE, COM_NO, JO_SDATE, JO_EDATE, JG_CODE_NO, JT_CODE_NO, JO_SAL, PL_CODE_NO) VALUES ('24', '채용공고24', '2', '20210612', '20210625', '1', '7', '6000', '7');
INSERT INTO "TEAM3_202107M"."JOB_OPENING" (JO_NO, JO_TITLE, COM_NO, JO_SDATE, JO_EDATE, JG_CODE_NO, JT_CODE_NO, JO_SAL, PL_CODE_NO) VALUES ('25', '채용공고25', '2', '20210128', '20210312', '1', '3', '6400', '2');
INSERT INTO "TEAM3_202107M"."JOB_OPENING" (JO_NO, JO_TITLE, COM_NO, JO_SDATE, JO_EDATE, JG_CODE_NO, JT_CODE_NO, JO_SAL, PL_CODE_NO) VALUES ('26', '채용공고26', '2', '20210322', '20210721', '1', '10', '800', '10');
INSERT INTO "TEAM3_202107M"."JOB_OPENING" (JO_NO, JO_TITLE, COM_NO, JO_SDATE, JO_EDATE, JG_CODE_NO, JT_CODE_NO, JO_SAL, PL_CODE_NO) VALUES ('27', '채용공고27', '2', '20210413', '20210420', '1', '6', '4800', '9');
INSERT INTO "TEAM3_202107M"."JOB_OPENING" (JO_NO, JO_TITLE, COM_NO, JO_SDATE, JO_EDATE, JG_CODE_NO, JT_CODE_NO, JO_SAL, PL_CODE_NO) VALUES ('28', '채용공고28', '2', '20210104', '20210510', '1', '9', '400', '2');
INSERT INTO "TEAM3_202107M"."JOB_OPENING" (JO_NO, JO_TITLE, COM_NO, JO_SDATE, JO_EDATE, JG_CODE_NO, JT_CODE_NO, JO_SAL, PL_CODE_NO) VALUES ('29', '채용공고29', '2', '20210109', '20210710', '1', '8', '4000', '12');
INSERT INTO "TEAM3_202107M"."JOB_OPENING" (JO_NO, JO_TITLE, COM_NO, JO_SDATE, JO_EDATE, JG_CODE_NO, JT_CODE_NO, JO_SAL, PL_CODE_NO) VALUES ('30', '채용공고30', '2', '20210710', '20211108', '1', '4', '800', '1');
INSERT INTO "TEAM3_202107M"."JOB_OPENING" (JO_NO, JO_TITLE, COM_NO, JO_SDATE, JO_EDATE, JG_CODE_NO, JT_CODE_NO, JO_SAL, PL_CODE_NO) VALUES ('31', '채용공고31', '3', '20210222', '20211214', '1', '3', '4000', '4');
INSERT INTO "TEAM3_202107M"."JOB_OPENING" (JO_NO, JO_TITLE, COM_NO, JO_SDATE, JO_EDATE, JG_CODE_NO, JT_CODE_NO, JO_SAL, PL_CODE_NO) VALUES ('32', '채용공고32', '3', '20210817', '20210828', '1', '2', '2000', '6');
INSERT INTO "TEAM3_202107M"."JOB_OPENING" (JO_NO, JO_TITLE, COM_NO, JO_SDATE, JO_EDATE, JG_CODE_NO, JT_CODE_NO, JO_SAL, PL_CODE_NO) VALUES ('33', '채용공고33', '3', '20210117', '20210307', '1', '4', '800', '3');
INSERT INTO "TEAM3_202107M"."JOB_OPENING" (JO_NO, JO_TITLE, COM_NO, JO_SDATE, JO_EDATE, JG_CODE_NO, JT_CODE_NO, JO_SAL, PL_CODE_NO) VALUES ('34', '채용공고34', '3', '20210415', '20211014', '1', '5', '1200', '6');
INSERT INTO "TEAM3_202107M"."JOB_OPENING" (JO_NO, JO_TITLE, COM_NO, JO_SDATE, JO_EDATE, JG_CODE_NO, JT_CODE_NO, JO_SAL, PL_CODE_NO) VALUES ('35', '채용공고35', '3', '20210201', '20210325', '1', '6', '2800', '2');
INSERT INTO "TEAM3_202107M"."JOB_OPENING" (JO_NO, JO_TITLE, COM_NO, JO_SDATE, JO_EDATE, JG_CODE_NO, JT_CODE_NO, JO_SAL, PL_CODE_NO) VALUES ('36', '채용공고36', '3', '20210111', '20211221', '1', '5', '400', '6');
INSERT INTO "TEAM3_202107M"."JOB_OPENING" (JO_NO, JO_TITLE, COM_NO, JO_SDATE, JO_EDATE, JG_CODE_NO, JT_CODE_NO, JO_SAL, PL_CODE_NO) VALUES ('37', '채용공고37', '3', '20210328', '20211015', '1', '3', '1200', '8');
INSERT INTO "TEAM3_202107M"."JOB_OPENING" (JO_NO, JO_TITLE, COM_NO, JO_SDATE, JO_EDATE, JG_CODE_NO, JT_CODE_NO, JO_SAL, PL_CODE_NO) VALUES ('38', '채용공고38', '3', '20210318', '20210926', '1', '8', '2800', '11');
INSERT INTO "TEAM3_202107M"."JOB_OPENING" (JO_NO, JO_TITLE, COM_NO, JO_SDATE, JO_EDATE, JG_CODE_NO, JT_CODE_NO, JO_SAL, PL_CODE_NO) VALUES ('39', '채용공고39', '3', '20210702', '20210823', '1', '3', '400', '7');
INSERT INTO "TEAM3_202107M"."JOB_OPENING" (JO_NO, JO_TITLE, COM_NO, JO_SDATE, JO_EDATE, JG_CODE_NO, JT_CODE_NO, JO_SAL, PL_CODE_NO) VALUES ('40', '채용공고40', '3', '20210827', '20211126', '1', '6', '1600', '1');
INSERT INTO "TEAM3_202107M"."JOB_OPENING" (JO_NO, JO_TITLE, COM_NO, JO_SDATE, JO_EDATE, JG_CODE_NO, JT_CODE_NO, JO_SAL, PL_CODE_NO) VALUES ('41', '채용공고41', '3', '20210314', '20210815', '1', '8', '4400', '13');
INSERT INTO "TEAM3_202107M"."JOB_OPENING" (JO_NO, JO_TITLE, COM_NO, JO_SDATE, JO_EDATE, JG_CODE_NO, JT_CODE_NO, JO_SAL, PL_CODE_NO) VALUES ('42', '채용공고42', '3', '20210911', '20211104', '1', '7', '2400', '5');
INSERT INTO "TEAM3_202107M"."JOB_OPENING" (JO_NO, JO_TITLE, COM_NO, JO_SDATE, JO_EDATE, JG_CODE_NO, JT_CODE_NO, JO_SAL, PL_CODE_NO) VALUES ('43', '채용공고43', '3', '20210201', '20210522', '1', '2', '1200', '1');
INSERT INTO "TEAM3_202107M"."JOB_OPENING" (JO_NO, JO_TITLE, COM_NO, JO_SDATE, JO_EDATE, JG_CODE_NO, JT_CODE_NO, JO_SAL, PL_CODE_NO) VALUES ('44', '채용공고44', '3', '20210223', '20210520', '1', '10', '2000', '8');
INSERT INTO "TEAM3_202107M"."JOB_OPENING" (JO_NO, JO_TITLE, COM_NO, JO_SDATE, JO_EDATE, JG_CODE_NO, JT_CODE_NO, JO_SAL, PL_CODE_NO) VALUES ('45', '채용공고45', '3', '20210523', '20210915', '1', '3', '0', '5');
INSERT INTO "TEAM3_202107M"."JOB_OPENING" (JO_NO, JO_TITLE, COM_NO, JO_SDATE, JO_EDATE, JG_CODE_NO, JT_CODE_NO, JO_SAL, PL_CODE_NO) VALUES ('46', '채용공고46', '4', '20210424', '20210825', '1', '3', '6400', '6');
INSERT INTO "TEAM3_202107M"."JOB_OPENING" (JO_NO, JO_TITLE, COM_NO, JO_SDATE, JO_EDATE, JG_CODE_NO, JT_CODE_NO, JO_SAL, PL_CODE_NO) VALUES ('47', '채용공고47', '4', '20210207', '20211223', '1', '4', '4400', '6');
INSERT INTO "TEAM3_202107M"."JOB_OPENING" (JO_NO, JO_TITLE, COM_NO, JO_SDATE, JO_EDATE, JG_CODE_NO, JT_CODE_NO, JO_SAL, PL_CODE_NO) VALUES ('48', '채용공고48', '4', '20210619', '20211211', '1', '5', '5200', '10');
INSERT INTO "TEAM3_202107M"."JOB_OPENING" (JO_NO, JO_TITLE, COM_NO, JO_SDATE, JO_EDATE, JG_CODE_NO, JT_CODE_NO, JO_SAL, PL_CODE_NO) VALUES ('49', '채용공고49', '4', '20210819', '20210920', '1', '4', '800', '5');
INSERT INTO "TEAM3_202107M"."JOB_OPENING" (JO_NO, JO_TITLE, COM_NO, JO_SDATE, JO_EDATE, JG_CODE_NO, JT_CODE_NO, JO_SAL, PL_CODE_NO) VALUES ('50', '채용공고50', '4', '20210209', '20210314', '1', '8', '3600', '11');
INSERT INTO "TEAM3_202107M"."JOB_OPENING" (JO_NO, JO_TITLE, COM_NO, JO_SDATE, JO_EDATE, JG_CODE_NO, JT_CODE_NO, JO_SAL, PL_CODE_NO) VALUES ('51', '채용공고51', '4', '20210620', '20211216', '1', '10', '0', '11');
INSERT INTO "TEAM3_202107M"."JOB_OPENING" (JO_NO, JO_TITLE, COM_NO, JO_SDATE, JO_EDATE, JG_CODE_NO, JT_CODE_NO, JO_SAL, PL_CODE_NO) VALUES ('52', '채용공고52', '4', '20210108', '20211218', '1', '2', '0', '11');
INSERT INTO "TEAM3_202107M"."JOB_OPENING" (JO_NO, JO_TITLE, COM_NO, JO_SDATE, JO_EDATE, JG_CODE_NO, JT_CODE_NO, JO_SAL, PL_CODE_NO) VALUES ('53', '채용공고53', '4', '20210325', '20210409', '1', '5', '4000', '6');
INSERT INTO "TEAM3_202107M"."JOB_OPENING" (JO_NO, JO_TITLE, COM_NO, JO_SDATE, JO_EDATE, JG_CODE_NO, JT_CODE_NO, JO_SAL, PL_CODE_NO) VALUES ('54', '채용공고54', '4', '20210109', '20210202', '1', '5', '5200', '5');
INSERT INTO "TEAM3_202107M"."JOB_OPENING" (JO_NO, JO_TITLE, COM_NO, JO_SDATE, JO_EDATE, JG_CODE_NO, JT_CODE_NO, JO_SAL, PL_CODE_NO) VALUES ('55', '채용공고55', '4', '20210722', '20210802', '1', '5', '2400', '9');
INSERT INTO "TEAM3_202107M"."JOB_OPENING" (JO_NO, JO_TITLE, COM_NO, JO_SDATE, JO_EDATE, JG_CODE_NO, JT_CODE_NO, JO_SAL, PL_CODE_NO) VALUES ('56', '채용공고56', '4', '20210404', '20210711', '1', '9', '5600', '4');
INSERT INTO "TEAM3_202107M"."JOB_OPENING" (JO_NO, JO_TITLE, COM_NO, JO_SDATE, JO_EDATE, JG_CODE_NO, JT_CODE_NO, JO_SAL, PL_CODE_NO) VALUES ('57', '채용공고57', '4', '20210114', '20211007', '1', '7', '5600', '3');
INSERT INTO "TEAM3_202107M"."JOB_OPENING" (JO_NO, JO_TITLE, COM_NO, JO_SDATE, JO_EDATE, JG_CODE_NO, JT_CODE_NO, JO_SAL, PL_CODE_NO) VALUES ('58', '채용공고58', '4', '20210301', '20210802', '1', '9', '4000', '13');
INSERT INTO "TEAM3_202107M"."JOB_OPENING" (JO_NO, JO_TITLE, COM_NO, JO_SDATE, JO_EDATE, JG_CODE_NO, JT_CODE_NO, JO_SAL, PL_CODE_NO) VALUES ('59', '채용공고59', '4', '20210423', '20210906', '1', '8', '5200', '4');
INSERT INTO "TEAM3_202107M"."JOB_OPENING" (JO_NO, JO_TITLE, COM_NO, JO_SDATE, JO_EDATE, JG_CODE_NO, JT_CODE_NO, JO_SAL, PL_CODE_NO) VALUES ('60', '채용공고60', '4', '20210708', '20210924', '1', '4', '4800', '13');
INSERT INTO "TEAM3_202107M"."JOB_OPENING" (JO_NO, JO_TITLE, COM_NO, JO_SDATE, JO_EDATE, JG_CODE_NO, JT_CODE_NO, JO_SAL, PL_CODE_NO) VALUES ('61', '채용공고61', '5', '20210622', '20211008', '1', '4', '2000', '4');
INSERT INTO "TEAM3_202107M"."JOB_OPENING" (JO_NO, JO_TITLE, COM_NO, JO_SDATE, JO_EDATE, JG_CODE_NO, JT_CODE_NO, JO_SAL, PL_CODE_NO) VALUES ('62', '채용공고62', '5', '20210320', '20211019', '1', '10', '3200', '1');
INSERT INTO "TEAM3_202107M"."JOB_OPENING" (JO_NO, JO_TITLE, COM_NO, JO_SDATE, JO_EDATE, JG_CODE_NO, JT_CODE_NO, JO_SAL, PL_CODE_NO) VALUES ('63', '채용공고63', '5', '20210921', '20211111', '1', '7', '3200', '7');
INSERT INTO "TEAM3_202107M"."JOB_OPENING" (JO_NO, JO_TITLE, COM_NO, JO_SDATE, JO_EDATE, JG_CODE_NO, JT_CODE_NO, JO_SAL, PL_CODE_NO) VALUES ('64', '채용공고64', '5', '20210105', '20210722', '1', '4', '5200', '1');
INSERT INTO "TEAM3_202107M"."JOB_OPENING" (JO_NO, JO_TITLE, COM_NO, JO_SDATE, JO_EDATE, JG_CODE_NO, JT_CODE_NO, JO_SAL, PL_CODE_NO) VALUES ('65', '채용공고65', '5', '20210615', '20210625', '1', '3', '5600', '1');
INSERT INTO "TEAM3_202107M"."JOB_OPENING" (JO_NO, JO_TITLE, COM_NO, JO_SDATE, JO_EDATE, JG_CODE_NO, JT_CODE_NO, JO_SAL, PL_CODE_NO) VALUES ('66', '채용공고66', '5', '20210915', '20211215', '1', '10', '4800', '12');
INSERT INTO "TEAM3_202107M"."JOB_OPENING" (JO_NO, JO_TITLE, COM_NO, JO_SDATE, JO_EDATE, JG_CODE_NO, JT_CODE_NO, JO_SAL, PL_CODE_NO) VALUES ('67', '채용공고67', '5', '20210522', '20210621', '1', '4', '2400', '13');
INSERT INTO "TEAM3_202107M"."JOB_OPENING" (JO_NO, JO_TITLE, COM_NO, JO_SDATE, JO_EDATE, JG_CODE_NO, JT_CODE_NO, JO_SAL, PL_CODE_NO) VALUES ('68', '채용공고68', '5', '20210507', '20210509', '1', '10', '4800', '6');
INSERT INTO "TEAM3_202107M"."JOB_OPENING" (JO_NO, JO_TITLE, COM_NO, JO_SDATE, JO_EDATE, JG_CODE_NO, JT_CODE_NO, JO_SAL, PL_CODE_NO) VALUES ('69', '채용공고69', '5', '20210819', '20210909', '1', '1', '2800', '7');
INSERT INTO "TEAM3_202107M"."JOB_OPENING" (JO_NO, JO_TITLE, COM_NO, JO_SDATE, JO_EDATE, JG_CODE_NO, JT_CODE_NO, JO_SAL, PL_CODE_NO) VALUES ('70', '채용공고70', '5', '20210612', '20210804', '1', '9', '4000', '12');
INSERT INTO "TEAM3_202107M"."JOB_OPENING" (JO_NO, JO_TITLE, COM_NO, JO_SDATE, JO_EDATE, JG_CODE_NO, JT_CODE_NO, JO_SAL, PL_CODE_NO) VALUES ('71', '채용공고71', '5', '20210227', '20210917', '1', '1', '4400', '9');
INSERT INTO "TEAM3_202107M"."JOB_OPENING" (JO_NO, JO_TITLE, COM_NO, JO_SDATE, JO_EDATE, JG_CODE_NO, JT_CODE_NO, JO_SAL, PL_CODE_NO) VALUES ('72', '채용공고72', '5', '20210625', '20210815', '1', '10', '800', '13');
INSERT INTO "TEAM3_202107M"."JOB_OPENING" (JO_NO, JO_TITLE, COM_NO, JO_SDATE, JO_EDATE, JG_CODE_NO, JT_CODE_NO, JO_SAL, PL_CODE_NO) VALUES ('73', '채용공고73', '5', '20210823', '20211207', '1', '8', '4400', '13');
INSERT INTO "TEAM3_202107M"."JOB_OPENING" (JO_NO, JO_TITLE, COM_NO, JO_SDATE, JO_EDATE, JG_CODE_NO, JT_CODE_NO, JO_SAL, PL_CODE_NO) VALUES ('74', '채용공고74', '5', '20210220', '20211203', '1', '8', '4400', '6');
INSERT INTO "TEAM3_202107M"."JOB_OPENING" (JO_NO, JO_TITLE, COM_NO, JO_SDATE, JO_EDATE, JG_CODE_NO, JT_CODE_NO, JO_SAL, PL_CODE_NO) VALUES ('75', '채용공고75', '5', '20210608', '20210717', '1', '2', '3200', '2');
INSERT INTO "TEAM3_202107M"."JOB_OPENING" (JO_NO, JO_TITLE, COM_NO, JO_SDATE, JO_EDATE, JG_CODE_NO, JT_CODE_NO, JO_SAL, PL_CODE_NO) VALUES ('76', '채용공고76', '6', '20210408', '20210808', '1', '2', '3200', '3');
INSERT INTO "TEAM3_202107M"."JOB_OPENING" (JO_NO, JO_TITLE, COM_NO, JO_SDATE, JO_EDATE, JG_CODE_NO, JT_CODE_NO, JO_SAL, PL_CODE_NO) VALUES ('77', '채용공고77', '6', '20210125', '20210726', '1', '10', '4800', '11');
INSERT INTO "TEAM3_202107M"."JOB_OPENING" (JO_NO, JO_TITLE, COM_NO, JO_SDATE, JO_EDATE, JG_CODE_NO, JT_CODE_NO, JO_SAL, PL_CODE_NO) VALUES ('78', '채용공고78', '6', '20210402', '20211210', '1', '7', '0', '5');
INSERT INTO "TEAM3_202107M"."JOB_OPENING" (JO_NO, JO_TITLE, COM_NO, JO_SDATE, JO_EDATE, JG_CODE_NO, JT_CODE_NO, JO_SAL, PL_CODE_NO) VALUES ('79', '채용공고79', '6', '20210124', '20210212', '1', '8', '5200', '4');
INSERT INTO "TEAM3_202107M"."JOB_OPENING" (JO_NO, JO_TITLE, COM_NO, JO_SDATE, JO_EDATE, JG_CODE_NO, JT_CODE_NO, JO_SAL, PL_CODE_NO) VALUES ('80', '채용공고80', '6', '20210126', '20210515', '1', '6', '800', '11');
INSERT INTO "TEAM3_202107M"."JOB_OPENING" (JO_NO, JO_TITLE, COM_NO, JO_SDATE, JO_EDATE, JG_CODE_NO, JT_CODE_NO, JO_SAL, PL_CODE_NO) VALUES ('81', '채용공고81', '6', '20210719', '20210825', '1', '5', '400', '2');
INSERT INTO "TEAM3_202107M"."JOB_OPENING" (JO_NO, JO_TITLE, COM_NO, JO_SDATE, JO_EDATE, JG_CODE_NO, JT_CODE_NO, JO_SAL, PL_CODE_NO) VALUES ('82', '채용공고82', '6', '20210109', '20210309', '1', '3', '1200', '3');
INSERT INTO "TEAM3_202107M"."JOB_OPENING" (JO_NO, JO_TITLE, COM_NO, JO_SDATE, JO_EDATE, JG_CODE_NO, JT_CODE_NO, JO_SAL, PL_CODE_NO) VALUES ('83', '채용공고83', '6', '20210724', '20210810', '1', '8', '3600', '13');
INSERT INTO "TEAM3_202107M"."JOB_OPENING" (JO_NO, JO_TITLE, COM_NO, JO_SDATE, JO_EDATE, JG_CODE_NO, JT_CODE_NO, JO_SAL, PL_CODE_NO) VALUES ('84', '채용공고84', '6', '20210717', '20211028', '1', '6', '5200', '1');
INSERT INTO "TEAM3_202107M"."JOB_OPENING" (JO_NO, JO_TITLE, COM_NO, JO_SDATE, JO_EDATE, JG_CODE_NO, JT_CODE_NO, JO_SAL, PL_CODE_NO) VALUES ('85', '채용공고85', '6', '20210618', '20211009', '1', '4', '2400', '6');
INSERT INTO "TEAM3_202107M"."JOB_OPENING" (JO_NO, JO_TITLE, COM_NO, JO_SDATE, JO_EDATE, JG_CODE_NO, JT_CODE_NO, JO_SAL, PL_CODE_NO) VALUES ('86', '채용공고86', '6', '20210412', '20210607', '1', '8', '3600', '9');
INSERT INTO "TEAM3_202107M"."JOB_OPENING" (JO_NO, JO_TITLE, COM_NO, JO_SDATE, JO_EDATE, JG_CODE_NO, JT_CODE_NO, JO_SAL, PL_CODE_NO) VALUES ('87', '채용공고87', '6', '20210907', '20211204', '1', '3', '800', '2');
INSERT INTO "TEAM3_202107M"."JOB_OPENING" (JO_NO, JO_TITLE, COM_NO, JO_SDATE, JO_EDATE, JG_CODE_NO, JT_CODE_NO, JO_SAL, PL_CODE_NO) VALUES ('88', '채용공고88', '6', '20210213', '20210414', '1', '1', '4400', '8');
INSERT INTO "TEAM3_202107M"."JOB_OPENING" (JO_NO, JO_TITLE, COM_NO, JO_SDATE, JO_EDATE, JG_CODE_NO, JT_CODE_NO, JO_SAL, PL_CODE_NO) VALUES ('89', '채용공고89', '6', '20210721', '20211213', '1', '7', '2800', '10');
INSERT INTO "TEAM3_202107M"."JOB_OPENING" (JO_NO, JO_TITLE, COM_NO, JO_SDATE, JO_EDATE, JG_CODE_NO, JT_CODE_NO, JO_SAL, PL_CODE_NO) VALUES ('90', '채용공고90', '6', '20210222', '20210918', '1', '1', '2400', '7');
INSERT INTO "TEAM3_202107M"."JOB_OPENING" (JO_NO, JO_TITLE, COM_NO, JO_SDATE, JO_EDATE, JG_CODE_NO, JT_CODE_NO, JO_SAL, PL_CODE_NO) VALUES ('91', '채용공고91', '7', '20210404', '20210702', '1', '4', '2000', '5');
INSERT INTO "TEAM3_202107M"."JOB_OPENING" (JO_NO, JO_TITLE, COM_NO, JO_SDATE, JO_EDATE, JG_CODE_NO, JT_CODE_NO, JO_SAL, PL_CODE_NO) VALUES ('92', '채용공고92', '7', '20210724', '20211107', '1', '5', '4800', '6');
INSERT INTO "TEAM3_202107M"."JOB_OPENING" (JO_NO, JO_TITLE, COM_NO, JO_SDATE, JO_EDATE, JG_CODE_NO, JT_CODE_NO, JO_SAL, PL_CODE_NO) VALUES ('93', '채용공고93', '7', '20210212', '20210603', '1', '8', '800', '9');
INSERT INTO "TEAM3_202107M"."JOB_OPENING" (JO_NO, JO_TITLE, COM_NO, JO_SDATE, JO_EDATE, JG_CODE_NO, JT_CODE_NO, JO_SAL, PL_CODE_NO) VALUES ('94', '채용공고94', '7', '20210505', '20211226', '1', '3', '3600', '12');
INSERT INTO "TEAM3_202107M"."JOB_OPENING" (JO_NO, JO_TITLE, COM_NO, JO_SDATE, JO_EDATE, JG_CODE_NO, JT_CODE_NO, JO_SAL, PL_CODE_NO) VALUES ('95', '채용공고95', '7', '20210107', '20210119', '1', '3', '2800', '9');
INSERT INTO "TEAM3_202107M"."JOB_OPENING" (JO_NO, JO_TITLE, COM_NO, JO_SDATE, JO_EDATE, JG_CODE_NO, JT_CODE_NO, JO_SAL, PL_CODE_NO) VALUES ('96', '채용공고96', '7', '20210102', '20210920', '1', '3', '6400', '7');
INSERT INTO "TEAM3_202107M"."JOB_OPENING" (JO_NO, JO_TITLE, COM_NO, JO_SDATE, JO_EDATE, JG_CODE_NO, JT_CODE_NO, JO_SAL, PL_CODE_NO) VALUES ('97', '채용공고97', '7', '20210901', '20211021', '1', '9', '2400', '10');
INSERT INTO "TEAM3_202107M"."JOB_OPENING" (JO_NO, JO_TITLE, COM_NO, JO_SDATE, JO_EDATE, JG_CODE_NO, JT_CODE_NO, JO_SAL, PL_CODE_NO) VALUES ('98', '채용공고98', '7', '20210317', '20210705', '1', '4', '3200', '3');
INSERT INTO "TEAM3_202107M"."JOB_OPENING" (JO_NO, JO_TITLE, COM_NO, JO_SDATE, JO_EDATE, JG_CODE_NO, JT_CODE_NO, JO_SAL, PL_CODE_NO) VALUES ('99', '채용공고99', '7', '20210312', '20210328', '1', '3', '400', '13');
INSERT INTO "TEAM3_202107M"."JOB_OPENING" (JO_NO, JO_TITLE, COM_NO, JO_SDATE, JO_EDATE, JG_CODE_NO, JT_CODE_NO, JO_SAL, PL_CODE_NO) VALUES ('100', '채용공고100', '7', '20211120', '20211127', '1', '3', '2800', '5');
INSERT INTO "TEAM3_202107M"."JOB_OPENING" (JO_NO, JO_TITLE, COM_NO, JO_SDATE, JO_EDATE, JG_CODE_NO, JT_CODE_NO, JO_SAL, PL_CODE_NO) VALUES ('101', '채용공고101', '7', '20210519', '20211223', '1', '5', '5600', '5');
INSERT INTO "TEAM3_202107M"."JOB_OPENING" (JO_NO, JO_TITLE, COM_NO, JO_SDATE, JO_EDATE, JG_CODE_NO, JT_CODE_NO, JO_SAL, PL_CODE_NO) VALUES ('102', '채용공고102', '7', '20210123', '20211125', '1', '6', '4400', '9');
INSERT INTO "TEAM3_202107M"."JOB_OPENING" (JO_NO, JO_TITLE, COM_NO, JO_SDATE, JO_EDATE, JG_CODE_NO, JT_CODE_NO, JO_SAL, PL_CODE_NO) VALUES ('103', '채용공고103', '7', '20210922', '20211017', '1', '8', '800', '9');
INSERT INTO "TEAM3_202107M"."JOB_OPENING" (JO_NO, JO_TITLE, COM_NO, JO_SDATE, JO_EDATE, JG_CODE_NO, JT_CODE_NO, JO_SAL, PL_CODE_NO) VALUES ('104', '채용공고104', '7', '20210112', '20210701', '1', '4', '5600', '5');
INSERT INTO "TEAM3_202107M"."JOB_OPENING" (JO_NO, JO_TITLE, COM_NO, JO_SDATE, JO_EDATE, JG_CODE_NO, JT_CODE_NO, JO_SAL, PL_CODE_NO) VALUES ('105', '채용공고105', '7', '20210111', '20210112', '1', '2', '3200', '4');
INSERT INTO "TEAM3_202107M"."JOB_OPENING" (JO_NO, JO_TITLE, COM_NO, JO_SDATE, JO_EDATE, JG_CODE_NO, JT_CODE_NO, JO_SAL, PL_CODE_NO) VALUES ('106', '채용공고106', '8', '20210507', '20211013', '1', '10', '400', '10');
INSERT INTO "TEAM3_202107M"."JOB_OPENING" (JO_NO, JO_TITLE, COM_NO, JO_SDATE, JO_EDATE, JG_CODE_NO, JT_CODE_NO, JO_SAL, PL_CODE_NO) VALUES ('107', '채용공고107', '8', '20210301', '20210603', '1', '8', '800', '13');
INSERT INTO "TEAM3_202107M"."JOB_OPENING" (JO_NO, JO_TITLE, COM_NO, JO_SDATE, JO_EDATE, JG_CODE_NO, JT_CODE_NO, JO_SAL, PL_CODE_NO) VALUES ('108', '채용공고108', '8', '20210223', '20210907', '1', '1', '4000', '3');
INSERT INTO "TEAM3_202107M"."JOB_OPENING" (JO_NO, JO_TITLE, COM_NO, JO_SDATE, JO_EDATE, JG_CODE_NO, JT_CODE_NO, JO_SAL, PL_CODE_NO) VALUES ('109', '채용공고109', '8', '20210115', '20211225', '1', '9', '4800', '10');
INSERT INTO "TEAM3_202107M"."JOB_OPENING" (JO_NO, JO_TITLE, COM_NO, JO_SDATE, JO_EDATE, JG_CODE_NO, JT_CODE_NO, JO_SAL, PL_CODE_NO) VALUES ('110', '채용공고110', '8', '20210818', '20210923', '1', '7', '5600', '3');
INSERT INTO "TEAM3_202107M"."JOB_OPENING" (JO_NO, JO_TITLE, COM_NO, JO_SDATE, JO_EDATE, JG_CODE_NO, JT_CODE_NO, JO_SAL, PL_CODE_NO) VALUES ('111', '채용공고111', '8', '20210309', '20210320', '1', '3', '800', '4');
INSERT INTO "TEAM3_202107M"."JOB_OPENING" (JO_NO, JO_TITLE, COM_NO, JO_SDATE, JO_EDATE, JG_CODE_NO, JT_CODE_NO, JO_SAL, PL_CODE_NO) VALUES ('112', '채용공고112', '8', '20210716', '20211008', '1', '8', '400', '13');
INSERT INTO "TEAM3_202107M"."JOB_OPENING" (JO_NO, JO_TITLE, COM_NO, JO_SDATE, JO_EDATE, JG_CODE_NO, JT_CODE_NO, JO_SAL, PL_CODE_NO) VALUES ('113', '채용공고113', '8', '20210508', '20211223', '1', '8', '5200', '11');
INSERT INTO "TEAM3_202107M"."JOB_OPENING" (JO_NO, JO_TITLE, COM_NO, JO_SDATE, JO_EDATE, JG_CODE_NO, JT_CODE_NO, JO_SAL, PL_CODE_NO) VALUES ('114', '채용공고114', '8', '20210327', '20211003', '1', '8', '6400', '2');
INSERT INTO "TEAM3_202107M"."JOB_OPENING" (JO_NO, JO_TITLE, COM_NO, JO_SDATE, JO_EDATE, JG_CODE_NO, JT_CODE_NO, JO_SAL, PL_CODE_NO) VALUES ('115', '채용공고115', '8', '20210706', '20210721', '1', '7', '3200', '8');
INSERT INTO "TEAM3_202107M"."JOB_OPENING" (JO_NO, JO_TITLE, COM_NO, JO_SDATE, JO_EDATE, JG_CODE_NO, JT_CODE_NO, JO_SAL, PL_CODE_NO) VALUES ('116', '채용공고116', '8', '20210823', '20211002', '1', '9', '0', '6');
INSERT INTO "TEAM3_202107M"."JOB_OPENING" (JO_NO, JO_TITLE, COM_NO, JO_SDATE, JO_EDATE, JG_CODE_NO, JT_CODE_NO, JO_SAL, PL_CODE_NO) VALUES ('117', '채용공고117', '8', '20210317', '20211020', '1', '8', '800', '11');
INSERT INTO "TEAM3_202107M"."JOB_OPENING" (JO_NO, JO_TITLE, COM_NO, JO_SDATE, JO_EDATE, JG_CODE_NO, JT_CODE_NO, JO_SAL, PL_CODE_NO) VALUES ('118', '채용공고118', '8', '20210327', '20210422', '1', '5', '5600', '8');
INSERT INTO "TEAM3_202107M"."JOB_OPENING" (JO_NO, JO_TITLE, COM_NO, JO_SDATE, JO_EDATE, JG_CODE_NO, JT_CODE_NO, JO_SAL, PL_CODE_NO) VALUES ('119', '채용공고119', '8', '20210118', '20210206', '1', '5', '800', '9');
INSERT INTO "TEAM3_202107M"."JOB_OPENING" (JO_NO, JO_TITLE, COM_NO, JO_SDATE, JO_EDATE, JG_CODE_NO, JT_CODE_NO, JO_SAL, PL_CODE_NO) VALUES ('120', '채용공고120', '8', '20210125', '20210414', '1', '4', '4800', '6');
INSERT INTO "TEAM3_202107M"."JOB_OPENING" (JO_NO, JO_TITLE, COM_NO, JO_SDATE, JO_EDATE, JG_CODE_NO, JT_CODE_NO, JO_SAL, PL_CODE_NO) VALUES ('121', '채용공고121', '9', '20210117', '20210610', '1', '8', '800', '2');
INSERT INTO "TEAM3_202107M"."JOB_OPENING" (JO_NO, JO_TITLE, COM_NO, JO_SDATE, JO_EDATE, JG_CODE_NO, JT_CODE_NO, JO_SAL, PL_CODE_NO) VALUES ('122', '채용공고122', '9', '20210218', '20210810', '1', '8', '4400', '6');
INSERT INTO "TEAM3_202107M"."JOB_OPENING" (JO_NO, JO_TITLE, COM_NO, JO_SDATE, JO_EDATE, JG_CODE_NO, JT_CODE_NO, JO_SAL, PL_CODE_NO) VALUES ('123', '채용공고123', '9', '20210727', '20211003', '1', '6', '5200', '7');
INSERT INTO "TEAM3_202107M"."JOB_OPENING" (JO_NO, JO_TITLE, COM_NO, JO_SDATE, JO_EDATE, JG_CODE_NO, JT_CODE_NO, JO_SAL, PL_CODE_NO) VALUES ('124', '채용공고124', '9', '20210113', '20210706', '1', '9', '5600', '4');
INSERT INTO "TEAM3_202107M"."JOB_OPENING" (JO_NO, JO_TITLE, COM_NO, JO_SDATE, JO_EDATE, JG_CODE_NO, JT_CODE_NO, JO_SAL, PL_CODE_NO) VALUES ('125', '채용공고125', '9', '20210105', '20210506', '1', '7', '3200', '3');
INSERT INTO "TEAM3_202107M"."JOB_OPENING" (JO_NO, JO_TITLE, COM_NO, JO_SDATE, JO_EDATE, JG_CODE_NO, JT_CODE_NO, JO_SAL, PL_CODE_NO) VALUES ('126', '채용공고126', '9', '20210116', '20210925', '1', '3', '3200', '1');
INSERT INTO "TEAM3_202107M"."JOB_OPENING" (JO_NO, JO_TITLE, COM_NO, JO_SDATE, JO_EDATE, JG_CODE_NO, JT_CODE_NO, JO_SAL, PL_CODE_NO) VALUES ('127', '채용공고127', '9', '20210419', '20210716', '1', '4', '2000', '5');
INSERT INTO "TEAM3_202107M"."JOB_OPENING" (JO_NO, JO_TITLE, COM_NO, JO_SDATE, JO_EDATE, JG_CODE_NO, JT_CODE_NO, JO_SAL, PL_CODE_NO) VALUES ('128', '채용공고128', '9', '20210701', '20210716', '1', '9', '400', '11');
INSERT INTO "TEAM3_202107M"."JOB_OPENING" (JO_NO, JO_TITLE, COM_NO, JO_SDATE, JO_EDATE, JG_CODE_NO, JT_CODE_NO, JO_SAL, PL_CODE_NO) VALUES ('129', '채용공고129', '9', '20211006', '20211220', '1', '6', '3600', '2');
INSERT INTO "TEAM3_202107M"."JOB_OPENING" (JO_NO, JO_TITLE, COM_NO, JO_SDATE, JO_EDATE, JG_CODE_NO, JT_CODE_NO, JO_SAL, PL_CODE_NO) VALUES ('130', '채용공고130', '9', '20210810', '20210902', '1', '2', '2000', '8');
INSERT INTO "TEAM3_202107M"."JOB_OPENING" (JO_NO, JO_TITLE, COM_NO, JO_SDATE, JO_EDATE, JG_CODE_NO, JT_CODE_NO, JO_SAL, PL_CODE_NO) VALUES ('131', '채용공고131', '9', '20210303', '20210524', '1', '1', '4400', '1');
INSERT INTO "TEAM3_202107M"."JOB_OPENING" (JO_NO, JO_TITLE, COM_NO, JO_SDATE, JO_EDATE, JG_CODE_NO, JT_CODE_NO, JO_SAL, PL_CODE_NO) VALUES ('132', '채용공고132', '9', '20210921', '20211121', '1', '9', '2000', '2');
INSERT INTO "TEAM3_202107M"."JOB_OPENING" (JO_NO, JO_TITLE, COM_NO, JO_SDATE, JO_EDATE, JG_CODE_NO, JT_CODE_NO, JO_SAL, PL_CODE_NO) VALUES ('133', '채용공고133', '9', '20210711', '20210802', '1', '5', '3200', '1');
INSERT INTO "TEAM3_202107M"."JOB_OPENING" (JO_NO, JO_TITLE, COM_NO, JO_SDATE, JO_EDATE, JG_CODE_NO, JT_CODE_NO, JO_SAL, PL_CODE_NO) VALUES ('134', '채용공고134', '9', '20210715', '20211018', '1', '9', '4400', '8');
INSERT INTO "TEAM3_202107M"."JOB_OPENING" (JO_NO, JO_TITLE, COM_NO, JO_SDATE, JO_EDATE, JG_CODE_NO, JT_CODE_NO, JO_SAL, PL_CODE_NO) VALUES ('135', '채용공고135', '9', '20210206', '20210813', '1', '4', '6000', '3');
INSERT INTO "TEAM3_202107M"."JOB_OPENING" (JO_NO, JO_TITLE, COM_NO, JO_SDATE, JO_EDATE, JG_CODE_NO, JT_CODE_NO, JO_SAL, PL_CODE_NO) VALUES ('136', '채용공고136', '10', '20210301', '20211018', '1', '7', '3600', '6');
INSERT INTO "TEAM3_202107M"."JOB_OPENING" (JO_NO, JO_TITLE, COM_NO, JO_SDATE, JO_EDATE, JG_CODE_NO, JT_CODE_NO, JO_SAL, PL_CODE_NO) VALUES ('137', '채용공고137', '10', '20210416', '20210815', '1', '3', '2400', '5');
INSERT INTO "TEAM3_202107M"."JOB_OPENING" (JO_NO, JO_TITLE, COM_NO, JO_SDATE, JO_EDATE, JG_CODE_NO, JT_CODE_NO, JO_SAL, PL_CODE_NO) VALUES ('138', '채용공고138', '10', '20210708', '20211005', '1', '7', '2000', '2');
INSERT INTO "TEAM3_202107M"."JOB_OPENING" (JO_NO, JO_TITLE, COM_NO, JO_SDATE, JO_EDATE, JG_CODE_NO, JT_CODE_NO, JO_SAL, PL_CODE_NO) VALUES ('139', '채용공고139', '10', '20210622', '20210912', '1', '2', '3600', '13');
INSERT INTO "TEAM3_202107M"."JOB_OPENING" (JO_NO, JO_TITLE, COM_NO, JO_SDATE, JO_EDATE, JG_CODE_NO, JT_CODE_NO, JO_SAL, PL_CODE_NO) VALUES ('140', '채용공고140', '10', '20211002', '20211108', '1', '3', '2000', '8');
INSERT INTO "TEAM3_202107M"."JOB_OPENING" (JO_NO, JO_TITLE, COM_NO, JO_SDATE, JO_EDATE, JG_CODE_NO, JT_CODE_NO, JO_SAL, PL_CODE_NO) VALUES ('141', '채용공고141', '10', '20210726', '20211104', '1', '5', '3200', '5');
INSERT INTO "TEAM3_202107M"."JOB_OPENING" (JO_NO, JO_TITLE, COM_NO, JO_SDATE, JO_EDATE, JG_CODE_NO, JT_CODE_NO, JO_SAL, PL_CODE_NO) VALUES ('142', '채용공고142', '10', '20210219', '20210720', '1', '1', '4000', '3');
INSERT INTO "TEAM3_202107M"."JOB_OPENING" (JO_NO, JO_TITLE, COM_NO, JO_SDATE, JO_EDATE, JG_CODE_NO, JT_CODE_NO, JO_SAL, PL_CODE_NO) VALUES ('143', '채용공고143', '10', '20210227', '20210312', '1', '2', '6000', '9');
INSERT INTO "TEAM3_202107M"."JOB_OPENING" (JO_NO, JO_TITLE, COM_NO, JO_SDATE, JO_EDATE, JG_CODE_NO, JT_CODE_NO, JO_SAL, PL_CODE_NO) VALUES ('144', '채용공고144', '10', '20210201', '20210306', '1', '8', '2800', '4');
INSERT INTO "TEAM3_202107M"."JOB_OPENING" (JO_NO, JO_TITLE, COM_NO, JO_SDATE, JO_EDATE, JG_CODE_NO, JT_CODE_NO, JO_SAL, PL_CODE_NO) VALUES ('145', '채용공고145', '10', '20210120', '20210415', '1', '9', '4000', '7');
INSERT INTO "TEAM3_202107M"."JOB_OPENING" (JO_NO, JO_TITLE, COM_NO, JO_SDATE, JO_EDATE, JG_CODE_NO, JT_CODE_NO, JO_SAL, PL_CODE_NO) VALUES ('146', '채용공고146', '10', '20210714', '20211225', '1', '6', '3600', '6');
INSERT INTO "TEAM3_202107M"."JOB_OPENING" (JO_NO, JO_TITLE, COM_NO, JO_SDATE, JO_EDATE, JG_CODE_NO, JT_CODE_NO, JO_SAL, PL_CODE_NO) VALUES ('147', '채용공고147', '10', '20210408', '20211203', '1', '10', '3200', '10');
INSERT INTO "TEAM3_202107M"."JOB_OPENING" (JO_NO, JO_TITLE, COM_NO, JO_SDATE, JO_EDATE, JG_CODE_NO, JT_CODE_NO, JO_SAL, PL_CODE_NO) VALUES ('148', '채용공고148', '10', '20210301', '20210619', '1', '3', '3600', '4');
INSERT INTO "TEAM3_202107M"."JOB_OPENING" (JO_NO, JO_TITLE, COM_NO, JO_SDATE, JO_EDATE, JG_CODE_NO, JT_CODE_NO, JO_SAL, PL_CODE_NO) VALUES ('149', '채용공고149', '10', '20210627', '20210901', '1', '10', '1600', '1');
INSERT INTO "TEAM3_202107M"."JOB_OPENING" (JO_NO, JO_TITLE, COM_NO, JO_SDATE, JO_EDATE, JG_CODE_NO, JT_CODE_NO, JO_SAL, PL_CODE_NO) VALUES ('150', '채용공고150', '10', '20210105', '20211021', '1', '1', '2000', '10');


COMMIT;

SELECT 
    '"' || LOWER(COLUMN_NAME) || '" : "<%=' || LOWER(COLUMN_NAME) || '%>",'
FROM COLS
WHERE TABLE_NAME = 'JOB_OPENING';
